id,station_id,stop_id,station_name,stop_desc,run_number,route_id,destination_id,destination_name,route_direction_code,prediction_generated,expected_arrival,is_approaching,is_scheduled,is_fit,is_delayed
1,30238,30238,47th,Service toward 95th,939,Red,30238,95th/Dan Ryan,5,2012-10-03 00:13:57-05,2012-10-03 00:16:57-05,0,0,0,0
2,30238,30238,47th,Service toward 95th,927,Red,30238,95th/Dan Ryan,5,2012-10-03 00:14:05-05,2012-10-03 00:26:05-05,0,0,0,0
3,30237,30237,47th,Service toward Howard,936,Red,30237,Howard,1,2012-10-03 00:14:38-05,2012-10-03 00:18:38-05,0,0,0,0
4,30238,30238,47th,Service toward 95th,835,Red,30238,95th/Dan Ryan,5,2012-10-03 00:26:04-05,2012-10-03 00:36:04-05,0,0,0,0
5,30238,30238,47th,Service toward 95th,834,Red,30238,95th/Dan Ryan,5,2012-10-03 00:25:25-05,2012-10-03 00:41:25-05,0,0,0,0
6,30237,30237,47th,Service toward Howard,937,Red,30237,Howard,1,2012-10-03 00:26:15-05,2012-10-03 00:30:15-05,0,0,0,0
7,30178,30178,63rd,Service toward 95th,927,Red,30178,95th/Dan Ryan,5,2012-10-03 00:26:10-05,2012-10-03 00:30:10-05,0,0,0,0
8,30178,30178,63rd,Service toward 95th,835,Red,30178,95th/Dan Ryan,5,2012-10-03 00:26:04-05,2012-10-03 00:41:04-05,0,0,0,0
9,30177,30177,63rd,Service toward Howard,830,Red,30177,Howard,1,2012-10-03 00:26:22-05,2012-10-03 00:38:22-05,0,1,0,0
10,30192,30192,69th,Service toward 95th,939,Red,30192,95th/Dan Ryan,5,2012-10-03 00:26:17-05,2012-10-03 00:27:17-05,1,0,0,0
11,30192,30192,69th,Service toward 95th,927,Red,30192,95th/Dan Ryan,5,2012-10-03 00:26:10-05,2012-10-03 00:35:10-05,0,0,0,0
12,30192,30192,69th,Service toward 95th,835,Red,30192,95th/Dan Ryan,5,2012-10-03 00:26:04-05,2012-10-03 00:45:04-05,0,0,0,0
13,30191,30191,69th,Service toward Howard,830,Red,30191,Howard,1,2012-10-03 00:26:22-05,2012-10-03 00:36:22-05,0,1,0,0
14,30047,30047,79th,Service toward 95th,939,Red,30047,95th/Dan Ryan,5,2012-10-03 00:26:17-05,2012-10-03 00:29:17-05,0,0,0,0
15,30047,30047,79th,Service toward 95th,927,Red,30047,95th/Dan Ryan,5,2012-10-03 00:26:10-05,2012-10-03 00:37:10-05,0,0,0,0
16,30046,30046,79th,Service toward Howard,830,Red,30046,Howard,1,2012-10-03 00:26:21-05,2012-10-03 00:33:21-05,0,1,0,0
17,30276,30276,87th,Service toward 95th,939,Red,30276,95th/Dan Ryan,5,2012-10-03 00:26:17-05,2012-10-03 00:33:17-05,0,0,0,0
18,30276,30276,87th,Service toward 95th,927,Red,30276,95th/Dan Ryan,5,2012-10-03 00:26:10-05,2012-10-03 00:41:10-05,0,0,0,0
19,30275,30275,87th,Service toward Howard,830,Red,30275,Howard,1,2012-10-03 00:26:22-05,2012-10-03 00:31:22-05,0,1,0,0
20,30088,30088,95th/Dan Ryan,Service toward Howard,830,Red,30088,Howard,1,2012-10-03 00:26:21-05,2012-10-03 00:29:21-05,0,1,0,0
21,30274,30274,Addison,Service toward 95th,837,Red,30274,95th/Dan Ryan,5,2012-10-03 00:26:05-05,2012-10-03 00:32:05-05,0,0,0,0
22,30274,30274,Addison,Service toward 95th,836,Red,30274,95th/Dan Ryan,5,2012-10-03 00:25:34-05,2012-10-03 00:43:34-05,0,0,0,0
23,30273,30273,Addison,Service toward Howard,932,Red,30273,Howard,1,2012-10-03 00:25:42-05,2012-10-03 00:28:42-05,0,0,0,0
24,30273,30273,Addison,Service toward Howard,934,Red,30273,Howard,1,2012-10-03 00:26:12-05,2012-10-03 00:35:12-05,0,0,0,0
25,30273,30273,Addison,Service toward Howard,935,Red,30273,Howard,1,2012-10-03 00:26:08-05,2012-10-03 00:38:08-05,0,0,0,0
26,30256,30256,Belmont,Service toward 95th/Dan Ryan,837,Red,30256,95th/Dan Ryan,5,2012-10-03 00:26:05-05,2012-10-03 00:34:05-05,0,0,0,0
27,30255,30255,Belmont,Service toward Howard,932,Red,30255,Howard,1,2012-10-03 00:25:42-05,2012-10-03 00:27:42-05,0,0,0,0
28,30255,30255,Belmont,Service toward Howard,934,Red,30255,Howard,1,2012-10-03 00:26:12-05,2012-10-03 00:34:12-05,0,0,0,0
29,30255,30255,Belmont,Service toward Howard,935,Red,30255,Howard,1,2012-10-03 00:26:08-05,2012-10-03 00:37:08-05,0,0,0,0
30,30067,30067,Berwyn,Service toward 95th,836,Red,30067,95th/Dan Ryan,5,2012-10-03 00:25:34-05,2012-10-03 00:35:34-05,0,0,0,0
31,30066,30066,Berwyn,Service toward Howard,840,Red,30066,Howard,1,2012-10-03 00:26:19-05,2012-10-03 00:30:19-05,0,0,0,0
32,30066,30066,Berwyn,Service toward Howard,932,Red,30066,Howard,1,2012-10-03 00:25:42-05,2012-10-03 00:35:42-05,0,0,0,0
33,30066,30066,Berwyn,Service toward Howard,934,Red,30066,Howard,1,2012-10-03 00:26:12-05,2012-10-03 00:42:12-05,0,0,0,0
34,30066,30066,Berwyn,Service toward Howard,935,Red,30066,Howard,1,2012-10-03 00:26:08-05,2012-10-03 00:45:08-05,0,0,0,0
35,30268,30268,Bryn Mawr,Service toward 95th,836,Red,30268,95th/Dan Ryan,5,2012-10-03 00:25:34-05,2012-10-03 00:33:34-05,0,0,0,0
36,30267,30267,Bryn Mawr,Service toward Howard,840,Red,30267,Howard,1,2012-10-03 00:26:19-05,2012-10-03 00:31:19-05,0,0,0,0
37,30267,30267,Bryn Mawr,Service toward Howard,932,Red,30267,Howard,1,2012-10-03 00:25:42-05,2012-10-03 00:36:42-05,0,0,0,0
38,30267,30267,Bryn Mawr,Service toward Howard,934,Red,30267,Howard,1,2012-10-03 00:26:12-05,2012-10-03 00:43:12-05,0,0,0,0
39,30194,30194,Cermak-Chinatown,Service toward 95th,835,Red,30194,95th/Dan Ryan,5,2012-10-03 00:26:04-05,2012-10-03 00:28:04-05,0,0,0,0
40,30194,30194,Cermak-Chinatown,Service toward 95th,834,Red,30194,95th/Dan Ryan,5,2012-10-03 00:25:25-05,2012-10-03 00:33:25-05,0,0,0,0
41,30194,30194,Cermak-Chinatown,Service toward 95th,928,Red,30194,95th/Dan Ryan,5,2012-10-03 00:26:10-05,2012-10-03 00:44:10-05,0,0,0,0
42,30193,30193,Cermak-Chinatown,Service toward Howard,936,Red,30193,Howard,1,2012-10-03 00:25:17-05,2012-10-03 00:27:17-05,0,0,0,0
43,30193,30193,Cermak-Chinatown,Service toward Howard,937,Red,30193,Howard,1,2012-10-03 00:26:15-05,2012-10-03 00:39:15-05,0,0,0,0
44,30280,30280,Chicago,Service toward 95th,928,Red,30280,95th/Dan Ryan,5,2012-10-03 00:26:10-05,2012-10-03 00:33:10-05,0,0,0,0
45,30280,30280,Chicago,Service toward 95th,837,Red,30280,95th/Dan Ryan,5,2012-10-03 00:26:05-05,2012-10-03 00:44:05-05,0,0,0,0
46,30279,30279,Chicago,Service toward Howard,935,Red,30279,Howard,1,2012-10-03 00:26:08-05,2012-10-03 00:29:08-05,0,0,0,0
47,30279,30279,Chicago,Service toward Howard,936,Red,30279,Howard,1,2012-10-03 00:25:17-05,2012-10-03 00:41:17-05,0,0,0,0
48,30122,30122,Clark/Division,Service toward 95th,928,Red,30122,95th/Dan Ryan,5,2012-10-03 00:26:10-05,2012-10-03 00:31:10-05,0,0,0,0
49,30122,30122,Clark/Division,Service toward 95th,837,Red,30122,95th/Dan Ryan,5,2012-10-03 00:26:05-05,2012-10-03 00:42:05-05,0,0,0,0
50,30121,30121,Clark/Division,Service toward Howard,934,Red,30121,Howard,1,2012-10-03 00:26:12-05,2012-10-03 00:28:12-05,0,0,0,0
51,30121,30121,Clark/Division,Service toward Howard,935,Red,30121,Howard,1,2012-10-03 00:26:08-05,2012-10-03 00:31:08-05,0,0,0,0
52,30121,30121,Clark/Division,Service toward Howard,936,Red,30121,Howard,1,2012-10-03 00:25:17-05,2012-10-03 00:43:17-05,0,0,0,0
53,30234,30234,Fullerton,Service toward 95th,928,Red,30234,95th/Dan Ryan,5,2012-10-03 00:26:10-05,2012-10-03 00:27:10-05,1,0,0,0
54,30234,30234,Fullerton,Service toward 95th,837,Red,30234,95th/Dan Ryan,5,2012-10-03 00:26:05-05,2012-10-03 00:37:05-05,0,0,0,0
55,30233,30233,Fullerton,Service toward Howard,934,Red,30233,Howard,1,2012-10-03 00:26:12-05,2012-10-03 00:32:12-05,0,0,0,0
56,30233,30233,Fullerton,Service toward Howard,935,Red,30233,Howard,1,2012-10-03 00:26:08-05,2012-10-03 00:35:08-05,0,0,0,0
57,30224,30224,Garfield,Service toward 95th,927,Red,30224,95th/Dan Ryan,5,2012-10-03 00:26:10-05,2012-10-03 00:28:10-05,0,0,0,0
58,30224,30224,Garfield,Service toward 95th,835,Red,30224,95th/Dan Ryan,5,2012-10-03 00:26:04-05,2012-10-03 00:38:04-05,0,0,0,0
59,30224,30224,Garfield,Service toward 95th,834,Red,30224,95th/Dan Ryan,5,2012-10-03 00:25:25-05,2012-10-03 00:44:25-05,0,0,0,0
60,30223,30223,Garfield,Service toward Howard,937,Red,30223,Howard,1,2012-10-03 00:26:15-05,2012-10-03 00:28:15-05,0,0,0,0
61,30065,30065,Grand,Service toward 95th,928,Red,30065,95th/Dan Ryan,5,2012-10-03 00:26:10-05,2012-10-03 00:34:10-05,0,0,0,0
62,30065,30065,Grand,Service toward 95th,837,Red,30065,95th/Dan Ryan,5,2012-10-03 00:26:05-05,2012-10-03 00:45:05-05,0,0,0,0
63,30064,30064,Grand,Service toward Howard,935,Red,30064,Howard,1,2012-10-03 00:26:08-05,2012-10-03 00:27:08-05,1,0,0,0
64,30064,30064,Grand,Service toward Howard,936,Red,30064,Howard,1,2012-10-03 00:25:17-05,2012-10-03 00:38:17-05,0,0,0,0
65,30148,30148,Granville,Service toward 95th,836,Red,30148,95th/Dan Ryan,5,2012-10-03 00:25:34-05,2012-10-03 00:31:34-05,0,0,0,0
66,30147,30147,Granville,Service toward Howard,931,Red,30147,Howard,1,2012-10-03 00:26:14-05,2012-10-03 00:27:14-05,1,0,0,0
67,30147,30147,Granville,Service toward Howard,840,Red,30147,Howard,1,2012-10-03 00:26:19-05,2012-10-03 00:34:19-05,0,0,0,0
68,30147,30147,Granville,Service toward Howard,932,Red,30147,Howard,1,2012-10-03 00:25:42-05,2012-10-03 00:38:42-05,0,0,0,0
69,30147,30147,Granville,Service toward Howard,934,Red,30147,Howard,1,2012-10-03 00:26:12-05,2012-10-03 00:45:12-05,0,0,0,0
70,30286,30286,Harrison,Service toward 95th,834,Red,30286,95th/Dan Ryan,5,2012-10-03 00:25:25-05,2012-10-03 00:28:25-05,0,0,0,0
71,30286,30286,Harrison,Service toward 95th,928,Red,30286,95th/Dan Ryan,5,2012-10-03 00:26:10-05,2012-10-03 00:40:10-05,0,0,0,0
72,30285,30285,Harrison,Service toward Howard,936,Red,30285,Howard,1,2012-10-03 00:25:17-05,2012-10-03 00:32:17-05,0,0,0,0
73,30285,30285,Harrison,Service toward Howard,937,Red,30285,Howard,1,2012-10-03 00:26:15-05,2012-10-03 00:45:15-05,0,0,0,0
74,30174,30174,Howard,Service toward 95th,839,Red,30174,95th/Dan Ryan,5,2012-10-03 00:26:22-05,2012-10-03 00:38:22-05,0,1,0,0
75,30110,30110,Jackson,Service toward 95th,834,Red,30110,95th/Dan Ryan,5,2012-10-03 00:25:25-05,2012-10-03 00:27:25-05,0,0,0,0
76,30110,30110,Jackson,Service toward 95th,928,Red,30110,95th/Dan Ryan,5,2012-10-03 00:26:10-05,2012-10-03 00:38:10-05,0,0,0,0
77,30109,30109,Jackson,Service toward Howard,936,Red,30109,Howard,1,2012-10-03 00:25:17-05,2012-10-03 00:34:17-05,0,0,0,0
78,30228,30228,Jarvis,Service toward 95th,839,Red,30228,95th/Dan Ryan,5,2012-10-03 00:26:22-05,2012-10-03 00:38:22-05,0,1,0,0
79,30227,30227,Jarvis,Service toward Howard,931,Red,30227,Howard,1,2012-10-03 00:26:14-05,2012-10-03 00:32:14-05,0,0,0,0
80,30227,30227,Jarvis,Service toward Howard,840,Red,30227,Howard,1,2012-10-03 00:26:19-05,2012-10-03 00:40:19-05,0,0,0,0
81,30227,30227,Jarvis,Service toward Howard,932,Red,30227,Howard,1,2012-10-03 00:25:42-05,2012-10-03 00:44:42-05,0,0,0,0
82,30290,30290,Lake,Service toward 95th,834,Red,30290,95th/Dan Ryan,5,2012-10-03 00:25:25-05,2012-10-03 00:26:25-05,1,0,0,0
83,30290,30290,Lake,Service toward 95th,928,Red,30290,95th/Dan Ryan,5,2012-10-03 00:26:10-05,2012-10-03 00:36:10-05,0,0,0,0
84,30289,30289,Lake,Service toward Howard,936,Red,30289,Howard,1,2012-10-03 00:25:17-05,2012-10-03 00:36:17-05,0,0,0,0
85,30150,30150,Lawrence,Service toward 95th,836,Red,30150,95th/Dan Ryan,5,2012-10-03 00:25:34-05,2012-10-03 00:37:34-05,0,0,0,0
86,30149,30149,Lawrence,Service toward Howard,840,Red,30149,Howard,1,2012-10-03 00:26:19-05,2012-10-03 00:28:19-05,0,0,0,0
87,30149,30149,Lawrence,Service toward Howard,932,Red,30149,Howard,1,2012-10-03 00:25:42-05,2012-10-03 00:33:42-05,0,0,0,0
88,30149,30149,Lawrence,Service toward Howard,934,Red,30149,Howard,1,2012-10-03 00:26:12-05,2012-10-03 00:40:12-05,0,0,0,0
89,30149,30149,Lawrence,Service toward Howard,935,Red,30149,Howard,1,2012-10-03 00:26:08-05,2012-10-03 00:43:08-05,0,0,0,0
90,30252,30252,Loyola,Service toward 95th,836,Red,30252,95th/Dan Ryan,5,2012-10-03 00:25:34-05,2012-10-03 00:28:34-05,0,0,0,0
91,30251,30251,Loyola,Service toward Howard,931,Red,30251,Howard,1,2012-10-03 00:26:14-05,2012-10-03 00:28:14-05,0,0,0,0
92,30251,30251,Loyola,Service toward Howard,840,Red,30251,Howard,1,2012-10-03 00:26:19-05,2012-10-03 00:36:19-05,0,0,0,0
93,30251,30251,Loyola,Service toward Howard,932,Red,30251,Howard,1,2012-10-03 00:25:42-05,2012-10-03 00:40:42-05,0,0,0,0
94,30212,30212,Monroe,Service toward 95th,834,Red,30212,95th/Dan Ryan,5,2012-10-03 00:25:25-05,2012-10-03 00:27:25-05,0,0,0,0
95,30212,30212,Monroe,Service toward 95th,928,Red,30212,95th/Dan Ryan,5,2012-10-03 00:26:10-05,2012-10-03 00:38:10-05,0,0,0,0
96,30211,30211,Monroe,Service toward Howard,936,Red,30211,Howard,1,2012-10-03 00:25:17-05,2012-10-03 00:35:17-05,0,0,0,0
97,30021,30021,Morse,Service toward 95th,836,Red,30021,95th/Dan Ryan,5,2012-10-03 00:25:34-05,2012-10-03 00:27:34-05,0,0,0,0
98,30020,30020,Morse,Service toward Howard,931,Red,30020,Howard,1,2012-10-03 00:26:14-05,2012-10-03 00:31:14-05,0,0,0,0
99,30020,30020,Morse,Service toward Howard,840,Red,30020,Howard,1,2012-10-03 00:26:19-05,2012-10-03 00:39:19-05,0,0,0,0
100,30020,30020,Morse,Service toward Howard,932,Red,30020,Howard,1,2012-10-03 00:25:42-05,2012-10-03 00:43:42-05,0,0,0,0
101,30126,30126,North/Clybourn,Service toward 95th,928,Red,30126,95th/Dan Ryan,5,2012-10-03 00:26:10-05,2012-10-03 00:28:10-05,0,0,0,0
102,30126,30126,North/Clybourn,Service toward 95th,837,Red,30126,95th/Dan Ryan,5,2012-10-03 00:26:05-05,2012-10-03 00:39:05-05,0,0,0,0
103,30125,30125,North/Clybourn,Service toward Howard,934,Red,30125,Howard,1,2012-10-03 00:26:12-05,2012-10-03 00:30:12-05,0,0,0,0
104,30125,30125,North/Clybourn,Service toward Howard,935,Red,30125,Howard,1,2012-10-03 00:26:08-05,2012-10-03 00:33:08-05,0,0,0,0
105,30269,30269,Roosevelt,Subway service toward Howard,936,Red,30269,Howard,1,2012-10-03 00:25:17-05,2012-10-03 00:31:17-05,0,0,0,0
106,30269,30269,Roosevelt,Subway service toward Howard,937,Red,30269,Howard,1,2012-10-03 00:26:15-05,2012-10-03 00:44:15-05,0,0,0,0
107,30270,30270,Roosevelt,Subway service toward 95th,834,Red,30270,95th/Dan Ryan,5,2012-10-03 00:25:25-05,2012-10-03 00:29:25-05,0,0,0,0
108,30270,30270,Roosevelt,Subway service toward 95th,928,Red,30270,95th/Dan Ryan,5,2012-10-03 00:26:10-05,2012-10-03 00:41:10-05,0,0,0,0
109,30017,30017,Sheridan,Service toward 95th,837,Red,30017,95th/Dan Ryan,5,2012-10-03 00:26:05-05,2012-10-03 00:30:05-05,0,0,0,0
110,30017,30017,Sheridan,Service toward 95th,836,Red,30017,95th/Dan Ryan,5,2012-10-03 00:25:34-05,2012-10-03 00:41:34-05,0,0,0,0
111,30016,30016,Sheridan,Service toward Howard,932,Red,30016,Howard,1,2012-10-03 00:25:42-05,2012-10-03 00:29:42-05,0,0,0,0
112,30016,30016,Sheridan,Service toward Howard,934,Red,30016,Howard,1,2012-10-03 00:26:12-05,2012-10-03 00:36:12-05,0,0,0,0
113,30016,30016,Sheridan,Service toward Howard,935,Red,30016,Howard,1,2012-10-03 00:26:08-05,2012-10-03 00:39:08-05,0,0,0,0
114,30037,30037,Sox-35th,Service toward 95th,835,Red,30037,95th/Dan Ryan,5,2012-10-03 00:26:04-05,2012-10-03 00:32:04-05,0,0,0,0
115,30037,30037,Sox-35th,Service toward 95th,834,Red,30037,95th/Dan Ryan,5,2012-10-03 00:25:25-05,2012-10-03 00:38:25-05,0,0,0,0
116,30036,30036,Sox-35th,Service toward Howard,937,Red,30036,Howard,1,2012-10-03 00:26:15-05,2012-10-03 00:33:15-05,0,0,0,0
117,30170,30170,Thorndale,Service toward 95th,836,Red,30170,95th/Dan Ryan,5,2012-10-03 00:25:34-05,2012-10-03 00:32:34-05,0,0,0,0
118,30169,30169,Thorndale,Service toward Howard,840,Red,30169,Howard,1,2012-10-03 00:26:19-05,2012-10-03 00:33:19-05,0,0,0,0
119,30169,30169,Thorndale,Service toward Howard,932,Red,30169,Howard,1,2012-10-03 00:25:42-05,2012-10-03 00:37:42-05,0,0,0,0
120,30169,30169,Thorndale,Service toward Howard,934,Red,30169,Howard,1,2012-10-03 00:26:12-05,2012-10-03 00:44:12-05,0,0,0,0
121,30106,30106,Wilson,Service toward 95th,837,Red,30106,95th/Dan Ryan,5,2012-10-03 00:26:05-05,2012-10-03 00:27:05-05,1,0,0,0
122,30106,30106,Wilson,Service toward 95th,836,Red,30106,95th/Dan Ryan,5,2012-10-03 00:25:34-05,2012-10-03 00:38:34-05,0,0,0,0
123,30105,30105,Wilson,Service toward Howard,840,Red,30105,Howard,1,2012-10-03 00:26:19-05,2012-10-03 00:27:19-05,1,0,0,0
124,30105,30105,Wilson,Service toward Howard,932,Red,30105,Howard,1,2012-10-03 00:25:42-05,2012-10-03 00:31:42-05,0,0,0,0
125,30105,30105,Wilson,Service toward Howard,934,Red,30105,Howard,1,2012-10-03 00:26:12-05,2012-10-03 00:38:12-05,0,0,0,0
126,30105,30105,Wilson,Service toward Howard,935,Red,30105,Howard,1,2012-10-03 00:26:08-05,2012-10-03 00:41:08-05,0,0,0,0
127,30238,30238,47th,Service toward 95th,844,Red,30238,95th/Dan Ryan,5,2012-10-10 10:55:16-05,2012-10-10 11:03:16-05,0,0,0,0
128,30237,30237,47th,Service toward Howard,817,Red,30237,Howard,1,2012-10-10 10:55:41-05,2012-10-10 11:04:41-05,0,0,0,0
129,30237,30237,47th,Service toward Howard,1002,Red,30237,Howard,1,2012-10-10 10:55:34-05,2012-10-10 11:10:34-05,0,0,0,0
130,30178,30178,63rd,Service toward 95th,814,Red,30178,95th/Dan Ryan,5,2012-10-10 10:55:36-05,2012-10-10 10:57:36-05,0,0,0,0
131,30178,30178,63rd,Service toward 95th,844,Red,30178,95th/Dan Ryan,5,2012-10-10 10:55:16-05,2012-10-10 11:09:16-05,0,0,0,0
132,30177,30177,63rd,Service toward Howard,817,Red,30177,Howard,1,2012-10-10 10:55:41-05,2012-10-10 10:58:41-05,0,0,0,0
133,30177,30177,63rd,Service toward Howard,1002,Red,30177,Howard,1,2012-10-10 10:55:34-05,2012-10-10 11:05:34-05,0,0,0,0
134,30192,30192,69th,Service toward 95th,903,Red,30192,95th/Dan Ryan,5,2012-10-10 10:55:29-05,2012-10-10 10:58:29-05,0,0,0,0
135,30192,30192,69th,Service toward 95th,814,Red,30192,95th/Dan Ryan,5,2012-10-10 10:55:36-05,2012-10-10 11:02:36-05,0,0,0,0
136,30192,30192,69th,Service toward 95th,844,Red,30192,95th/Dan Ryan,5,2012-10-10 10:55:16-05,2012-10-10 11:14:16-05,0,0,0,0
137,30191,30191,69th,Service toward Howard,817,Red,30191,Howard,1,2012-10-10 10:55:41-05,2012-10-10 10:56:41-05,1,0,0,0
138,30191,30191,69th,Service toward Howard,1002,Red,30191,Howard,1,2012-10-10 10:55:34-05,2012-10-10 11:01:34-05,0,0,0,0
139,30047,30047,79th,Service toward 95th,818,Red,30047,95th/Dan Ryan,5,2012-10-10 10:55:41-05,2012-10-10 10:56:41-05,1,0,0,0
140,30047,30047,79th,Service toward 95th,819,Red,30047,95th/Dan Ryan,5,2012-10-10 10:54:59-05,2012-10-10 10:57:59-05,0,0,0,0
141,30047,30047,79th,Service toward 95th,903,Red,30047,95th/Dan Ryan,5,2012-10-10 10:55:29-05,2012-10-10 11:01:29-05,0,0,0,0
142,30047,30047,79th,Service toward 95th,814,Red,30047,95th/Dan Ryan,5,2012-10-10 10:55:36-05,2012-10-10 11:05:36-05,0,0,0,0
143,30046,30046,79th,Service toward Howard,1002,Red,30046,Howard,1,2012-10-10 10:55:34-05,2012-10-10 10:58:34-05,0,0,0,0
144,30276,30276,87th,Service toward 95th,818,Red,30276,95th/Dan Ryan,5,2012-10-10 10:55:41-05,2012-10-10 10:59:41-05,0,0,0,0
145,30276,30276,87th,Service toward 95th,819,Red,30276,95th/Dan Ryan,5,2012-10-10 10:54:59-05,2012-10-10 11:00:59-05,0,0,0,0
146,30276,30276,87th,Service toward 95th,903,Red,30276,95th/Dan Ryan,5,2012-10-10 10:55:29-05,2012-10-10 11:05:29-05,0,0,0,0
147,30276,30276,87th,Service toward 95th,814,Red,30276,95th/Dan Ryan,5,2012-10-10 10:55:36-05,2012-10-10 11:09:36-05,0,0,0,0
148,30275,30275,87th,Service toward Howard,1002,Red,30275,Howard,1,2012-10-10 10:55:34-05,2012-10-10 10:56:34-05,1,0,0,0
149,30088,30088,95th/Dan Ryan,Service toward Howard,819,Red,30088,Howard,1,2012-10-10 10:55:45-05,2012-10-10 11:02:45-05,0,1,0,0
150,30274,30274,Addison,Service toward 95th,821,Red,30274,95th/Dan Ryan,5,2012-10-10 10:54:57-05,2012-10-10 10:56:57-05,0,0,0,0
151,30274,30274,Addison,Service toward 95th,801,Red,30274,95th/Dan Ryan,5,2012-10-10 10:55:14-05,2012-10-10 11:10:14-05,0,0,0,0
152,30273,30273,Addison,Service toward Howard,803,Red,30273,Howard,1,2012-10-10 10:55:03-05,2012-10-10 10:58:03-05,0,0,0,0
153,30273,30273,Addison,Service toward Howard,813,Red,30273,Howard,1,2012-10-10 10:55:45-05,2012-10-10 11:04:45-05,0,0,0,0
154,30238,30238,47th,Service toward 95th,844,Red,30238,95th/Dan Ryan,5,2012-10-10 10:55:51-05,2012-10-10 11:03:51-05,0,0,0,0
155,30237,30237,47th,Service toward Howard,817,Red,30237,Howard,1,2012-10-10 10:55:47-05,2012-10-10 11:04:47-05,0,0,0,0
156,30237,30237,47th,Service toward Howard,1002,Red,30237,Howard,1,2012-10-10 10:55:59-05,2012-10-10 11:10:59-05,0,0,0,0
157,30178,30178,63rd,Service toward 95th,814,Red,30178,95th/Dan Ryan,5,2012-10-10 10:55:36-05,2012-10-10 10:57:36-05,0,0,0,0
158,30178,30178,63rd,Service toward 95th,844,Red,30178,95th/Dan Ryan,5,2012-10-10 10:55:51-05,2012-10-10 11:09:51-05,0,0,0,0
159,30177,30177,63rd,Service toward Howard,817,Red,30177,Howard,1,2012-10-10 10:55:47-05,2012-10-10 10:58:47-05,0,0,0,0
160,30177,30177,63rd,Service toward Howard,1002,Red,30177,Howard,1,2012-10-10 10:55:59-05,2012-10-10 11:04:59-05,0,0,0,0
161,30192,30192,69th,Service toward 95th,903,Red,30192,95th/Dan Ryan,5,2012-10-10 10:56:00-05,2012-10-10 10:59:00-05,0,0,0,0
162,30192,30192,69th,Service toward 95th,814,Red,30192,95th/Dan Ryan,5,2012-10-10 10:55:36-05,2012-10-10 11:02:36-05,0,0,0,0
163,30192,30192,69th,Service toward 95th,844,Red,30192,95th/Dan Ryan,5,2012-10-10 10:55:51-05,2012-10-10 11:13:51-05,0,0,0,0
164,30191,30191,69th,Service toward Howard,1002,Red,30191,Howard,1,2012-10-10 10:55:59-05,2012-10-10 11:01:59-05,0,0,0,0
165,30047,30047,79th,Service toward 95th,818,Red,30047,95th/Dan Ryan,5,2012-10-10 10:55:59-05,2012-10-10 10:56:59-05,1,0,0,0
166,30047,30047,79th,Service toward 95th,819,Red,30047,95th/Dan Ryan,5,2012-10-10 10:55:47-05,2012-10-10 10:57:47-05,0,0,0,0
167,30047,30047,79th,Service toward 95th,903,Red,30047,95th/Dan Ryan,5,2012-10-10 10:56:00-05,2012-10-10 11:02:00-05,0,0,0,0
168,30047,30047,79th,Service toward 95th,814,Red,30047,95th/Dan Ryan,5,2012-10-10 10:55:36-05,2012-10-10 11:05:36-05,0,0,0,0
169,30046,30046,79th,Service toward Howard,1002,Red,30046,Howard,1,2012-10-10 10:55:59-05,2012-10-10 10:58:59-05,0,0,0,0
170,30276,30276,87th,Service toward 95th,818,Red,30276,95th/Dan Ryan,5,2012-10-10 10:55:59-05,2012-10-10 10:58:59-05,0,0,0,0
171,30276,30276,87th,Service toward 95th,819,Red,30276,95th/Dan Ryan,5,2012-10-10 10:55:47-05,2012-10-10 11:00:47-05,0,0,0,0
172,30276,30276,87th,Service toward 95th,903,Red,30276,95th/Dan Ryan,5,2012-10-10 10:56:00-05,2012-10-10 11:06:00-05,0,0,0,0
173,30276,30276,87th,Service toward 95th,814,Red,30276,95th/Dan Ryan,5,2012-10-10 10:55:36-05,2012-10-10 11:09:36-05,0,0,0,0
174,30275,30275,87th,Service toward Howard,1002,Red,30275,Howard,1,2012-10-10 10:55:59-05,2012-10-10 10:56:59-05,1,0,0,0
175,30088,30088,95th/Dan Ryan,Service toward Howard,819,Red,30088,Howard,1,2012-10-10 10:56:00-05,2012-10-10 11:02:00-05,0,1,0,0
176,30274,30274,Addison,Service toward 95th,821,Red,30274,95th/Dan Ryan,5,2012-10-10 10:54:57-05,2012-10-10 10:56:57-05,0,0,0,0
177,30274,30274,Addison,Service toward 95th,801,Red,30274,95th/Dan Ryan,5,2012-10-10 10:55:14-05,2012-10-10 11:10:14-05,0,0,0,0
178,30273,30273,Addison,Service toward Howard,803,Red,30273,Howard,1,2012-10-10 10:55:03-05,2012-10-10 10:58:03-05,0,0,0,0
179,30273,30273,Addison,Service toward Howard,813,Red,30273,Howard,1,2012-10-10 10:55:45-05,2012-10-10 11:04:45-05,0,0,0,0
180,30238,30238,47th,Service toward 95th,844,Red,30238,95th/Dan Ryan,5,2012-10-10 10:56:13-05,2012-10-10 11:04:13-05,0,0,0,0
181,30237,30237,47th,Service toward Howard,817,Red,30237,Howard,1,2012-10-10 10:55:47-05,2012-10-10 11:04:47-05,0,0,0,0
182,30237,30237,47th,Service toward Howard,1002,Red,30237,Howard,1,2012-10-10 10:56:24-05,2012-10-10 11:10:24-05,0,0,0,0
183,30178,30178,63rd,Service toward 95th,814,Red,30178,95th/Dan Ryan,5,2012-10-10 10:55:36-05,2012-10-10 10:57:36-05,0,0,0,0
184,30178,30178,63rd,Service toward 95th,844,Red,30178,95th/Dan Ryan,5,2012-10-10 10:56:13-05,2012-10-10 11:09:13-05,0,0,0,0
185,30177,30177,63rd,Service toward Howard,817,Red,30177,Howard,1,2012-10-10 10:55:47-05,2012-10-10 10:58:47-05,0,0,0,0
186,30177,30177,63rd,Service toward Howard,1002,Red,30177,Howard,1,2012-10-10 10:56:24-05,2012-10-10 11:05:24-05,0,0,0,0
187,30192,30192,69th,Service toward 95th,903,Red,30192,95th/Dan Ryan,5,2012-10-10 10:56:00-05,2012-10-10 10:59:00-05,0,0,0,0
188,30192,30192,69th,Service toward 95th,814,Red,30192,95th/Dan Ryan,5,2012-10-10 10:55:36-05,2012-10-10 11:02:36-05,0,0,0,0
189,30192,30192,69th,Service toward 95th,844,Red,30192,95th/Dan Ryan,5,2012-10-10 10:56:13-05,2012-10-10 11:14:13-05,0,0,0,0
190,30191,30191,69th,Service toward Howard,1002,Red,30191,Howard,1,2012-10-10 10:56:24-05,2012-10-10 11:01:24-05,0,0,0,0
191,30047,30047,79th,Service toward 95th,819,Red,30047,95th/Dan Ryan,5,2012-10-10 10:56:18-05,2012-10-10 10:57:18-05,1,0,0,0
192,30047,30047,79th,Service toward 95th,903,Red,30047,95th/Dan Ryan,5,2012-10-10 10:56:00-05,2012-10-10 11:02:00-05,0,0,0,0
193,30047,30047,79th,Service toward 95th,814,Red,30047,95th/Dan Ryan,5,2012-10-10 10:55:36-05,2012-10-10 11:05:36-05,0,0,0,0
194,30046,30046,79th,Service toward Howard,1002,Red,30046,Howard,1,2012-10-10 10:56:24-05,2012-10-10 10:58:24-05,0,0,0,0
195,30276,30276,87th,Service toward 95th,818,Red,30276,95th/Dan Ryan,5,2012-10-10 10:56:18-05,2012-10-10 10:59:18-05,0,0,0,0
196,30276,30276,87th,Service toward 95th,819,Red,30276,95th/Dan Ryan,5,2012-10-10 10:56:18-05,2012-10-10 11:01:18-05,0,0,0,0
197,30276,30276,87th,Service toward 95th,903,Red,30276,95th/Dan Ryan,5,2012-10-10 10:56:00-05,2012-10-10 11:06:00-05,0,0,0,0
198,30276,30276,87th,Service toward 95th,814,Red,30276,95th/Dan Ryan,5,2012-10-10 10:55:36-05,2012-10-10 11:09:36-05,0,0,0,0
199,30275,30275,87th,Service toward Howard,1002,Red,30275,Howard,1,2012-10-10 10:56:24-05,2012-10-10 10:57:24-05,1,0,0,0
200,30088,30088,95th/Dan Ryan,Service toward Howard,819,Red,30088,Howard,1,2012-10-10 10:56:24-05,2012-10-10 11:02:24-05,0,1,0,0
201,30274,30274,Addison,Service toward 95th,821,Red,30274,95th/Dan Ryan,5,2012-10-10 10:54:57-05,2012-10-10 10:56:57-05,0,0,0,0
202,30274,30274,Addison,Service toward 95th,801,Red,30274,95th/Dan Ryan,5,2012-10-10 10:56:07-05,2012-10-10 11:10:07-05,0,0,0,0
203,30273,30273,Addison,Service toward Howard,803,Red,30273,Howard,1,2012-10-10 10:56:09-05,2012-10-10 10:59:09-05,0,0,0,0
204,30273,30273,Addison,Service toward Howard,813,Red,30273,Howard,1,2012-10-10 10:55:45-05,2012-10-10 11:04:45-05,0,0,0,0
205,30238,30238,47th,Service toward 95th,844,Red,30238,95th/Dan Ryan,5,2012-10-10 10:56:39-05,2012-10-10 11:03:39-05,0,0,0,0
206,30237,30237,47th,Service toward Howard,817,Red,30237,Howard,1,2012-10-10 10:56:52-05,2012-10-10 11:03:52-05,0,0,0,0
207,30237,30237,47th,Service toward Howard,1002,Red,30237,Howard,1,2012-10-10 10:56:37-05,2012-10-10 11:10:37-05,0,0,0,0
208,30178,30178,63rd,Service toward 95th,814,Red,30178,95th/Dan Ryan,5,2012-10-10 10:56:56-05,2012-10-10 10:57:56-05,1,0,0,0
209,30178,30178,63rd,Service toward 95th,844,Red,30178,95th/Dan Ryan,5,2012-10-10 10:56:39-05,2012-10-10 11:09:39-05,0,0,0,0
210,30177,30177,63rd,Service toward Howard,817,Red,30177,Howard,1,2012-10-10 10:56:52-05,2012-10-10 10:57:52-05,1,0,0,0
211,30177,30177,63rd,Service toward Howard,1002,Red,30177,Howard,1,2012-10-10 10:56:37-05,2012-10-10 11:04:37-05,0,0,0,0
212,30192,30192,69th,Service toward 95th,903,Red,30192,95th/Dan Ryan,5,2012-10-10 10:56:43-05,2012-10-10 10:58:43-05,0,0,0,0
213,30192,30192,69th,Service toward 95th,814,Red,30192,95th/Dan Ryan,5,2012-10-10 10:56:56-05,2012-10-10 11:02:56-05,0,0,0,0
214,30192,30192,69th,Service toward 95th,844,Red,30192,95th/Dan Ryan,5,2012-10-10 10:56:39-05,2012-10-10 11:14:39-05,0,0,0,0
215,30191,30191,69th,Service toward Howard,1002,Red,30191,Howard,1,2012-10-10 10:56:37-05,2012-10-10 11:01:37-05,0,0,0,0
216,30047,30047,79th,Service toward 95th,819,Red,30047,95th/Dan Ryan,5,2012-10-10 10:56:49-05,2012-10-10 10:57:49-05,1,0,0,0
217,30047,30047,79th,Service toward 95th,903,Red,30047,95th/Dan Ryan,5,2012-10-10 10:56:43-05,2012-10-10 11:01:43-05,0,0,0,0
218,30047,30047,79th,Service toward 95th,814,Red,30047,95th/Dan Ryan,5,2012-10-10 10:56:56-05,2012-10-10 11:05:56-05,0,0,0,0
219,30046,30046,79th,Service toward Howard,1002,Red,30046,Howard,1,2012-10-10 10:56:37-05,2012-10-10 10:58:37-05,0,0,0,0
220,30276,30276,87th,Service toward 95th,818,Red,30276,95th/Dan Ryan,5,2012-10-10 10:56:18-05,2012-10-10 10:59:18-05,0,0,0,0
221,30276,30276,87th,Service toward 95th,819,Red,30276,95th/Dan Ryan,5,2012-10-10 10:56:49-05,2012-10-10 11:00:49-05,0,0,0,0
222,30276,30276,87th,Service toward 95th,903,Red,30276,95th/Dan Ryan,5,2012-10-10 10:56:43-05,2012-10-10 11:05:43-05,0,0,0,0
223,30276,30276,87th,Service toward 95th,814,Red,30276,95th/Dan Ryan,5,2012-10-10 10:56:56-05,2012-10-10 11:08:56-05,0,0,0,0
224,30275,30275,87th,Service toward Howard,819,Red,30275,Howard,1,2012-10-10 10:57:01-05,2012-10-10 11:05:01-05,0,1,0,0
225,30088,30088,95th/Dan Ryan,Service toward Howard,819,Red,30088,Howard,1,2012-10-10 10:57:01-05,2012-10-10 11:02:01-05,0,1,0,0
226,30274,30274,Addison,Service toward 95th,821,Red,30274,95th/Dan Ryan,5,2012-10-10 10:54:57-05,2012-10-10 10:56:57-05,0,0,0,0
227,30274,30274,Addison,Service toward 95th,801,Red,30274,95th/Dan Ryan,5,2012-10-10 10:57:00-05,2012-10-10 11:10:00-05,0,0,0,0
228,30273,30273,Addison,Service toward Howard,803,Red,30273,Howard,1,2012-10-10 10:56:52-05,2012-10-10 10:58:52-05,0,0,0,0
229,30273,30273,Addison,Service toward Howard,813,Red,30273,Howard,1,2012-10-10 10:56:34-05,2012-10-10 11:05:34-05,0,0,0,0
230,30238,30238,47th,Service toward 95th,844,Red,30238,95th/Dan Ryan,5,2012-10-10 10:59:07-05,2012-10-10 11:02:07-05,0,0,0,0
231,30238,30238,47th,Service toward 95th,820,Red,30238,95th/Dan Ryan,5,2012-10-10 10:59:45-05,2012-10-10 11:16:45-05,0,0,0,0
232,30237,30237,47th,Service toward Howard,817,Red,30237,Howard,1,2012-10-10 10:59:31-05,2012-10-10 11:03:31-05,0,0,0,0
233,30178,30178,63rd,Service toward 95th,844,Red,30178,95th/Dan Ryan,5,2012-10-10 10:59:07-05,2012-10-10 11:08:07-05,0,0,0,0
234,30177,30177,63rd,Service toward Howard,805,Red,30177,Howard,1,2012-10-10 10:59:46-05,2012-10-10 11:05:46-05,0,1,0,0
235,30192,30192,69th,Service toward 95th,814,Red,30192,95th/Dan Ryan,5,2012-10-10 10:59:13-05,2012-10-10 11:03:13-05,0,0,0,0
236,30192,30192,69th,Service toward 95th,844,Red,30192,95th/Dan Ryan,5,2012-10-10 10:59:07-05,2012-10-10 11:13:07-05,0,0,0,0
237,30191,30191,69th,Service toward Howard,805,Red,30191,Howard,1,2012-10-10 11:00:02-05,2012-10-10 11:03:02-05,0,1,1,1
238,30047,30047,79th,Service toward 95th,903,Red,30047,95th/Dan Ryan,5,2012-10-10 10:59:37-05,2012-10-10 11:01:37-05,0,0,0,0
239,30047,30047,79th,Service toward 95th,814,Red,30047,95th/Dan Ryan,5,2012-10-10 10:59:13-05,2012-10-10 11:06:13-05,0,0,0,0
240,30047,30047,79th,Service toward 95th,844,Red,30047,95th/Dan Ryan,5,2012-10-10 10:59:07-05,2012-10-10 11:16:07-05,0,0,0,0
241,30046,30046,79th,Service toward Howard,819,Red,30046,Howard,1,2012-10-10 10:59:46-05,2012-10-10 11:07:46-05,0,1,1,1
242,30276,30276,87th,Service toward 95th,818,Red,30276,95th/Dan Ryan,5,2012-10-10 10:59:49-05,2012-10-10 11:00:49-05,1,0,0,0
243,30276,30276,87th,Service toward 95th,819,Red,30276,95th/Dan Ryan,5,2012-10-10 10:59:37-05,2012-10-10 11:01:37-05,0,0,0,0
244,30276,30276,87th,Service toward 95th,903,Red,30276,95th/Dan Ryan,5,2012-10-10 10:59:37-05,2012-10-10 11:04:37-05,0,0,0,0
245,30276,30276,87th,Service toward 95th,814,Red,30276,95th/Dan Ryan,5,2012-10-10 10:59:13-05,2012-10-10 11:10:13-05,0,0,0,0
246,30275,30275,87th,Service toward Howard,819,Red,30275,Howard,1,2012-10-10 11:00:02-05,2012-10-10 11:05:02-05,0,1,0,0
247,30088,30088,95th/Dan Ryan,Service toward Howard,819,Red,30088,Howard,1,2012-10-10 11:00:02-05,2012-10-10 11:01:02-05,1,1,0,0
248,30274,30274,Addison,Service toward 95th,801,Red,30274,95th/Dan Ryan,5,2012-10-10 10:59:39-05,2012-10-10 11:10:39-05,0,0,0,0
249,30274,30274,Addison,Service toward 95th,822,Red,30274,95th/Dan Ryan,5,2012-10-10 11:00:01-05,2012-10-10 11:18:01-05,0,0,0,0
250,30273,30273,Addison,Service toward Howard,803,Red,30273,Howard,1,2012-10-10 10:59:44-05,2012-10-10 11:00:44-05,1,0,0,0
251,30273,30273,Addison,Service toward Howard,813,Red,30273,Howard,1,2012-10-10 10:59:33-05,2012-10-10 11:06:33-05,0,0,0,0
252,30273,30273,Addison,Service toward Howard,804,Red,30273,Howard,1,2012-10-10 10:59:49-05,2012-10-10 11:16:49-05,0,0,0,0
253,30238,30238,47th,Service toward 95th,820,Red,30238,95th/Dan Ryan,5,2012-10-10 11:06:36-05,2012-10-10 11:17:36-05,0,0,0,0
254,30238,30238,47th,Service toward 95th,904,Red,30238,95th/Dan Ryan,5,2012-10-10 11:06:16-05,2012-10-10 11:22:16-05,0,0,0,0
255,30238,30238,47th,Service toward 95th,905,Red,30238,95th/Dan Ryan,5,2012-10-10 11:06:39-05,2012-10-10 11:24:39-05,0,0,0,0
256,30237,30237,47th,Service toward Howard,805,Red,30237,Howard,1,2012-10-10 11:06:44-05,2012-10-10 11:10:44-05,0,0,0,0
257,30237,30237,47th,Service toward Howard,819,Red,30237,Howard,1,2012-10-10 11:06:43-05,2012-10-10 11:16:43-05,0,0,0,0
258,30178,30178,63rd,Service toward 95th,844,Red,30178,95th/Dan Ryan,5,2012-10-10 11:06:38-05,2012-10-10 11:08:38-05,0,0,0,0
259,30178,30178,63rd,Service toward 95th,820,Red,30178,95th/Dan Ryan,5,2012-10-10 11:06:36-05,2012-10-10 11:23:36-05,0,0,0,0
260,30177,30177,63rd,Service toward Howard,819,Red,30177,Howard,1,2012-10-10 11:06:43-05,2012-10-10 11:10:43-05,0,0,0,0
261,30192,30192,69th,Service toward 95th,844,Red,30192,95th/Dan Ryan,5,2012-10-10 11:06:38-05,2012-10-10 11:12:38-05,0,0,0,0
262,30191,30191,69th,Service toward Howard,819,Red,30191,Howard,1,2012-10-10 11:06:43-05,2012-10-10 11:07:43-05,1,0,0,0
263,30047,30047,79th,Service toward 95th,844,Red,30047,95th/Dan Ryan,5,2012-10-10 11:06:38-05,2012-10-10 11:15:38-05,0,0,0,0
264,30046,30046,79th,Service toward Howard,903,Red,30046,Howard,1,2012-10-10 11:06:45-05,2012-10-10 11:15:45-05,0,1,1,1
265,30276,30276,87th,Service toward 95th,814,Red,30276,95th/Dan Ryan,5,2012-10-10 11:06:31-05,2012-10-10 11:10:31-05,0,0,0,0
266,30276,30276,87th,Service toward 95th,844,Red,30276,95th/Dan Ryan,5,2012-10-10 11:06:38-05,2012-10-10 11:19:38-05,0,0,0,0
267,30275,30275,87th,Service toward Howard,903,Red,30275,Howard,1,2012-10-10 11:06:45-05,2012-10-10 11:12:45-05,0,1,0,0
268,30088,30088,95th/Dan Ryan,Service toward Howard,903,Red,30088,Howard,1,2012-10-10 11:06:45-05,2012-10-10 11:10:45-05,0,1,0,0
269,30274,30274,Addison,Service toward 95th,801,Red,30274,95th/Dan Ryan,5,2012-10-10 11:02:24-05,2012-10-10 11:09:24-05,0,0,0,1
270,30274,30274,Addison,Service toward 95th,822,Red,30274,95th/Dan Ryan,5,2012-10-10 11:06:24-05,2012-10-10 11:17:24-05,0,0,0,0
271,30274,30274,Addison,Service toward 95th,906,Red,30274,95th/Dan Ryan,5,2012-10-10 11:06:24-05,2012-10-10 11:21:24-05,0,0,0,0
272,30273,30273,Addison,Service toward Howard,813,Red,30273,Howard,1,2012-10-10 11:06:27-05,2012-10-10 11:07:27-05,1,0,0,0
273,30273,30273,Addison,Service toward Howard,804,Red,30273,Howard,1,2012-10-10 11:06:28-05,2012-10-10 11:17:28-05,0,0,0,0
274,30273,30273,Addison,Service toward Howard,902,Red,30273,Howard,1,2012-10-10 11:06:20-05,2012-10-10 11:21:20-05,0,0,0,0
275,30238,30238,47th,Service toward 95th,820,Red,30238,95th/Dan Ryan,5,2012-10-10 11:07:43-05,2012-10-10 11:17:43-05,0,0,0,0
276,30238,30238,47th,Service toward 95th,904,Red,30238,95th/Dan Ryan,5,2012-10-10 11:07:14-05,2012-10-10 11:22:14-05,0,0,0,0
277,30238,30238,47th,Service toward 95th,905,Red,30238,95th/Dan Ryan,5,2012-10-10 11:07:27-05,2012-10-10 11:25:27-05,0,0,0,0
278,30237,30237,47th,Service toward Howard,805,Red,30237,Howard,1,2012-10-10 11:07:42-05,2012-10-10 11:10:42-05,0,0,0,0
279,30237,30237,47th,Service toward Howard,819,Red,30237,Howard,1,2012-10-10 11:07:35-05,2012-10-10 11:16:35-05,0,0,0,0
280,30178,30178,63rd,Service toward 95th,844,Red,30178,95th/Dan Ryan,5,2012-10-10 11:07:42-05,2012-10-10 11:08:42-05,1,0,0,0
281,30178,30178,63rd,Service toward 95th,820,Red,30178,95th/Dan Ryan,5,2012-10-10 11:07:43-05,2012-10-10 11:23:43-05,0,0,0,0
282,30177,30177,63rd,Service toward Howard,819,Red,30177,Howard,1,2012-10-10 11:07:35-05,2012-10-10 11:10:35-05,0,0,0,0
283,30192,30192,69th,Service toward 95th,844,Red,30192,95th/Dan Ryan,5,2012-10-10 11:07:42-05,2012-10-10 11:11:42-05,0,0,0,0
284,30191,30191,69th,Service toward Howard,819,Red,30191,Howard,1,2012-10-10 11:07:35-05,2012-10-10 11:08:35-05,1,0,0,0
285,30047,30047,79th,Service toward 95th,844,Red,30047,95th/Dan Ryan,5,2012-10-10 11:07:42-05,2012-10-10 11:14:42-05,0,0,0,0
286,30046,30046,79th,Service toward Howard,903,Red,30046,Howard,1,2012-10-10 11:07:45-05,2012-10-10 11:15:45-05,0,1,1,1
287,30276,30276,87th,Service toward 95th,814,Red,30276,95th/Dan Ryan,5,2012-10-10 11:07:41-05,2012-10-10 11:09:41-05,0,0,0,0
288,30276,30276,87th,Service toward 95th,844,Red,30276,95th/Dan Ryan,5,2012-10-10 11:07:42-05,2012-10-10 11:18:42-05,0,0,0,0
289,30275,30275,87th,Service toward Howard,903,Red,30275,Howard,1,2012-10-10 11:07:45-05,2012-10-10 11:12:45-05,0,1,0,0
290,30088,30088,95th/Dan Ryan,Service toward Howard,903,Red,30088,Howard,1,2012-10-10 11:07:45-05,2012-10-10 11:10:45-05,0,1,0,0
291,30274,30274,Addison,Service toward 95th,801,Red,30274,95th/Dan Ryan,5,2012-10-10 11:02:24-05,2012-10-10 11:09:24-05,0,0,0,1
292,30274,30274,Addison,Service toward 95th,822,Red,30274,95th/Dan Ryan,5,2012-10-10 11:07:15-05,2012-10-10 11:17:15-05,0,0,0,0
293,30274,30274,Addison,Service toward 95th,906,Red,30274,95th/Dan Ryan,5,2012-10-10 11:07:05-05,2012-10-10 11:21:05-05,0,0,0,0
294,30274,30274,Addison,Service toward 95th,843,Red,30274,95th/Dan Ryan,5,2012-10-10 11:07:41-05,2012-10-10 11:26:41-05,0,0,0,0
295,30273,30273,Addison,Service toward Howard,804,Red,30273,Howard,1,2012-10-10 11:07:30-05,2012-10-10 11:17:30-05,0,0,0,0
296,30273,30273,Addison,Service toward Howard,902,Red,30273,Howard,1,2012-10-10 11:07:30-05,2012-10-10 11:21:30-05,0,0,0,0
297,30238,30238,47th,Service toward 95th,820,Red,30238,95th/Dan Ryan,5,2012-10-10 11:09:05-05,2012-10-10 11:18:05-05,0,0,0,0
298,30238,30238,47th,Service toward 95th,904,Red,30238,95th/Dan Ryan,5,2012-10-10 11:09:19-05,2012-10-10 11:22:19-05,0,0,0,0
299,30238,30238,47th,Service toward 95th,905,Red,30238,95th/Dan Ryan,5,2012-10-10 11:09:24-05,2012-10-10 11:24:24-05,0,0,0,0
300,30237,30237,47th,Service toward Howard,805,Red,30237,Howard,1,2012-10-10 11:09:24-05,2012-10-10 11:10:24-05,1,0,0,0
301,30237,30237,47th,Service toward Howard,819,Red,30237,Howard,1,2012-10-10 11:09:13-05,2012-10-10 11:16:13-05,0,0,0,0
302,30237,30237,47th,Service toward Howard,818,Red,30237,Howard,1,2012-10-10 11:09:03-05,2012-10-10 11:24:03-05,0,0,0,0
303,30178,30178,63rd,Service toward 95th,820,Red,30178,95th/Dan Ryan,5,2012-10-10 11:09:05-05,2012-10-10 11:24:05-05,0,0,0,0
304,30178,30178,63rd,Service toward 95th,904,Red,30178,95th/Dan Ryan,5,2012-10-10 11:09:19-05,2012-10-10 11:28:19-05,0,0,0,0
305,30177,30177,63rd,Service toward Howard,819,Red,30177,Howard,1,2012-10-10 11:09:13-05,2012-10-10 11:10:13-05,1,0,0,0
306,30177,30177,63rd,Service toward Howard,818,Red,30177,Howard,1,2012-10-10 11:09:03-05,2012-10-10 11:18:03-05,0,0,0,0
307,30192,30192,69th,Service toward 95th,844,Red,30192,95th/Dan Ryan,5,2012-10-10 11:09:23-05,2012-10-10 11:12:23-05,0,0,0,0
308,30192,30192,69th,Service toward 95th,820,Red,30192,95th/Dan Ryan,5,2012-10-10 11:09:05-05,2012-10-10 11:28:05-05,0,0,0,0
309,30191,30191,69th,Service toward Howard,818,Red,30191,Howard,1,2012-10-10 11:09:03-05,2012-10-10 11:15:03-05,0,0,0,0
310,30047,30047,79th,Service toward 95th,844,Red,30047,95th/Dan Ryan,5,2012-10-10 11:09:23-05,2012-10-10 11:15:23-05,0,0,0,0
311,30046,30046,79th,Service toward Howard,818,Red,30046,Howard,1,2012-10-10 11:09:03-05,2012-10-10 11:12:03-05,0,0,0,0
312,30276,30276,87th,Service toward 95th,814,Red,30276,95th/Dan Ryan,5,2012-10-10 11:09:12-05,2012-10-10 11:10:12-05,1,0,0,0
313,30276,30276,87th,Service toward 95th,844,Red,30276,95th/Dan Ryan,5,2012-10-10 11:09:23-05,2012-10-10 11:19:23-05,0,0,0,0
314,30275,30275,87th,Service toward Howard,818,Red,30275,Howard,1,2012-10-10 11:09:03-05,2012-10-10 11:10:03-05,1,0,0,0
315,30088,30088,95th/Dan Ryan,Service toward Howard,814,Red,30088,Howard,1,2012-10-10 11:09:25-05,2012-10-10 11:17:25-05,0,1,0,0
316,30274,30274,Addison,Service toward 95th,801,Red,30274,95th/Dan Ryan,5,2012-10-10 11:09:04-05,2012-10-10 11:12:04-05,0,0,0,0
317,30274,30274,Addison,Service toward 95th,822,Red,30274,95th/Dan Ryan,5,2012-10-10 11:08:57-05,2012-10-10 11:16:57-05,0,0,0,0
318,30274,30274,Addison,Service toward 95th,906,Red,30274,95th/Dan Ryan,5,2012-10-10 11:08:47-05,2012-10-10 11:21:47-05,0,0,0,0
319,30274,30274,Addison,Service toward 95th,843,Red,30274,95th/Dan Ryan,5,2012-10-10 11:08:38-05,2012-10-10 11:27:38-05,0,0,0,0
320,30273,30273,Addison,Service toward Howard,804,Red,30273,Howard,1,2012-10-10 11:09:24-05,2012-10-10 11:18:24-05,0,0,0,0
321,30273,30273,Addison,Service toward Howard,902,Red,30273,Howard,1,2012-10-10 11:09:10-05,2012-10-10 11:21:10-05,0,0,0,0
322,30238,30238,47th,Service toward 95th,827,Red,30238,95th/Dan Ryan,5,2012-10-10 13:35:42-05,2012-10-10 13:41:42-05,0,0,0,0
323,30238,30238,47th,Service toward 95th,903,Red,30238,95th/Dan Ryan,5,2012-10-10 13:35:58-05,2012-10-10 13:51:58-05,0,0,0,0
324,30238,30238,47th,Service toward 95th,814,Red,30238,95th/Dan Ryan,5,2012-10-10 13:35:58-05,2012-10-10 13:54:58-05,0,0,0,0
325,30237,30237,47th,Service toward Howard,922,Red,30237,Howard,1,2012-10-10 13:36:19-05,2012-10-10 13:41:19-05,0,0,0,0
326,30178,30178,63rd,Service toward 95th,805,Red,30178,95th/Dan Ryan,5,2012-10-10 13:36:07-05,2012-10-10 13:38:07-05,0,0,0,0
327,30178,30178,63rd,Service toward 95th,827,Red,30178,95th/Dan Ryan,5,2012-10-10 13:35:42-05,2012-10-10 13:46:42-05,0,0,0,0
328,30177,30177,63rd,Service toward Howard,922,Red,30177,Howard,1,2012-10-10 13:36:19-05,2012-10-10 13:37:19-05,1,0,0,0
329,30192,30192,69th,Service toward 95th,805,Red,30192,95th/Dan Ryan,5,2012-10-10 13:36:07-05,2012-10-10 13:43:07-05,0,0,0,0
330,30192,30192,69th,Service toward 95th,827,Red,30192,95th/Dan Ryan,5,2012-10-10 13:35:42-05,2012-10-10 13:51:42-05,0,0,0,0
331,30191,30191,69th,Service toward Howard,804,Red,30191,Howard,1,2012-10-10 13:36:24-05,2012-10-10 13:40:24-05,0,1,0,0
332,30047,30047,79th,Service toward 95th,805,Red,30047,95th/Dan Ryan,5,2012-10-10 13:36:07-05,2012-10-10 13:46:07-05,0,0,0,0
333,30047,30047,79th,Service toward 95th,827,Red,30047,95th/Dan Ryan,5,2012-10-10 13:35:42-05,2012-10-10 13:54:42-05,0,0,0,0
334,30046,30046,79th,Service toward Howard,804,Red,30046,Howard,1,2012-10-10 13:36:24-05,2012-10-10 13:37:24-05,1,1,1,1
335,30276,30276,87th,Service toward 95th,942,Red,30276,95th/Dan Ryan,5,2012-10-10 13:36:02-05,2012-10-10 13:37:02-05,1,0,0,0
336,30276,30276,87th,Service toward 95th,826,Red,30276,95th/Dan Ryan,5,2012-10-10 13:35:53-05,2012-10-10 13:38:53-05,0,0,0,0
337,30276,30276,87th,Service toward 95th,805,Red,30276,95th/Dan Ryan,5,2012-10-10 13:36:07-05,2012-10-10 13:49:07-05,0,0,0,0
338,30275,30275,87th,Service toward Howard,813,Red,30275,Howard,1,2012-10-10 13:36:25-05,2012-10-10 13:42:25-05,0,1,0,0
339,30088,30088,95th/Dan Ryan,Service toward Howard,813,Red,30088,Howard,1,2012-10-10 13:36:24-05,2012-10-10 13:40:24-05,0,1,0,0
340,30274,30274,Addison,Service toward 95th,904,Red,30274,95th/Dan Ryan,5,2012-10-10 13:35:36-05,2012-10-10 13:43:36-05,0,0,0,0
341,30274,30274,Addison,Service toward 95th,905,Red,30274,95th/Dan Ryan,5,2012-10-10 13:36:21-05,2012-10-10 13:51:21-05,0,0,0,0
342,30273,30273,Addison,Service toward Howard,802,Red,30273,Howard,1,2012-10-10 13:36:14-05,2012-10-10 13:38:14-05,0,0,0,0
343,30273,30273,Addison,Service toward Howard,919,Red,30273,Howard,1,2012-10-10 13:36:21-05,2012-10-10 13:42:21-05,0,0,0,0
344,30273,30273,Addison,Service toward Howard,843,Red,30273,Howard,1,2012-10-10 13:36:13-05,2012-10-10 13:43:13-05,0,0,0,0
345,30273,30273,Addison,Service toward Howard,824,Red,30273,Howard,1,2012-10-10 13:35:56-05,2012-10-10 13:47:56-05,0,0,0,0
346,30273,30273,Addison,Service toward Howard,842,Red,30273,Howard,1,2012-10-10 13:36:18-05,2012-10-10 13:53:18-05,0,0,0,0
347,30238,30238,47th,Service toward 95th,830,Red,30238,95th/Dan Ryan,5,2012-10-23 20:07:03-05,2012-10-23 20:19:03-05,0,0,0,0
348,30238,30238,47th,Service toward 95th,943,Red,30238,95th/Dan Ryan,5,2012-10-23 20:08:18-05,2012-10-23 20:23:18-05,0,0,0,0
349,30237,30237,47th,Service toward Howard,932,Red,30237,Howard,1,2012-10-23 20:10:55-05,2012-10-23 20:14:55-05,0,0,0,0
350,30237,30237,47th,Service toward Howard,922,Red,30237,Howard,1,2012-10-23 20:10:39-05,2012-10-23 20:22:39-05,0,0,0,0
351,30178,30178,63rd,Service toward 95th,924,Red,30178,95th/Dan Ryan,5,2012-10-23 20:10:49-05,2012-10-23 20:14:49-05,0,0,0,0
352,30178,30178,63rd,Service toward 95th,830,Red,30178,95th/Dan Ryan,5,2012-10-23 20:07:03-05,2012-10-23 20:24:03-05,0,0,0,0
353,30177,30177,63rd,Service toward Howard,922,Red,30177,Howard,1,2012-10-23 20:10:39-05,2012-10-23 20:17:39-05,0,0,0,0
354,30192,30192,69th,Service toward 95th,924,Red,30192,95th/Dan Ryan,5,2012-10-23 20:10:49-05,2012-10-23 20:18:49-05,0,0,0,0
355,30191,30191,69th,Service toward Howard,922,Red,30191,Howard,1,2012-10-23 20:10:39-05,2012-10-23 20:13:39-05,0,0,0,0
356,30047,30047,79th,Service toward 95th,923,Red,30047,95th/Dan Ryan,5,2012-10-23 20:10:55-05,2012-10-23 20:11:55-05,1,0,0,0
357,30047,30047,79th,Service toward 95th,924,Red,30047,95th/Dan Ryan,5,2012-10-23 20:10:49-05,2012-10-23 20:20:49-05,0,0,0,0
358,30046,30046,79th,Service toward Howard,922,Red,30046,Howard,1,2012-10-23 20:10:39-05,2012-10-23 20:11:39-05,1,0,0,0
359,30276,30276,87th,Service toward 95th,827,Red,30276,95th/Dan Ryan,5,2012-10-23 20:10:24-05,2012-10-23 20:12:24-05,0,0,0,0
360,30276,30276,87th,Service toward 95th,923,Red,30276,95th/Dan Ryan,5,2012-10-23 20:10:55-05,2012-10-23 20:14:55-05,0,0,0,0
361,30276,30276,87th,Service toward 95th,924,Red,30276,95th/Dan Ryan,5,2012-10-23 20:10:49-05,2012-10-23 20:24:49-05,0,0,0,0
362,30275,30275,87th,Service toward Howard,922,Red,30275,Howard,1,2012-10-23 20:11:01-05,2012-10-23 20:16:01-05,0,1,0,0
363,30088,30088,95th/Dan Ryan,Service toward Howard,922,Red,30088,Howard,1,2012-10-23 20:11:00-05,2012-10-23 20:12:00-05,1,1,0,0
364,30274,30274,Addison,Service toward 95th,926,Red,30274,95th/Dan Ryan,5,2012-10-23 20:10:11-05,2012-10-23 20:12:11-05,0,0,0,0
365,30274,30274,Addison,Service toward 95th,832,Red,30274,95th/Dan Ryan,5,2012-10-23 20:10:42-05,2012-10-23 20:22:42-05,0,0,0,0
366,30273,30273,Addison,Service toward Howard,928,Red,30273,Howard,1,2012-10-23 20:10:16-05,2012-10-23 20:12:16-05,0,0,0,0
367,30273,30273,Addison,Service toward Howard,919,Red,30273,Howard,1,2012-10-23 20:10:47-05,2012-10-23 20:17:47-05,0,0,0,0
368,30273,30273,Addison,Service toward Howard,944,Red,30273,Howard,1,2012-10-23 20:10:42-05,2012-10-23 20:20:42-05,0,0,0,0
369,30273,30273,Addison,Service toward Howard,920,Red,30273,Howard,1,2012-10-23 20:10:28-05,2012-10-23 20:28:28-05,0,0,0,0
370,30238,30238,47th,Service toward 95th,943,Red,30238,95th/Dan Ryan,5,2012-10-23 20:28:41-05,2012-10-23 20:31:41-05,0,0,0,0
371,30238,30238,47th,Service toward 95th,828,Red,30238,95th/Dan Ryan,5,2012-10-23 20:28:19-05,2012-10-23 20:35:19-05,0,0,0,0
372,30238,30238,47th,Service toward 95th,925,Red,30238,95th/Dan Ryan,5,2012-10-23 20:28:34-05,2012-10-23 20:37:34-05,0,0,0,0
373,30238,30238,47th,Service toward 95th,926,Red,30238,95th/Dan Ryan,5,2012-10-23 20:28:24-05,2012-10-23 20:45:24-05,0,0,0,0
374,30237,30237,47th,Service toward Howard,826,Red,30237,Howard,1,2012-10-23 20:28:40-05,2012-10-23 20:29:40-05,1,0,0,0
375,30237,30237,47th,Service toward Howard,934,Red,30237,Howard,1,2012-10-23 20:28:03-05,2012-10-23 20:37:03-05,0,0,0,0
376,30178,30178,63rd,Service toward 95th,830,Red,30178,95th/Dan Ryan,5,2012-10-23 20:28:48-05,2012-10-23 20:32:48-05,0,0,0,0
377,30178,30178,63rd,Service toward 95th,943,Red,30178,95th/Dan Ryan,5,2012-10-23 20:28:41-05,2012-10-23 20:36:41-05,0,0,0,0
378,30178,30178,63rd,Service toward 95th,828,Red,30178,95th/Dan Ryan,5,2012-10-23 20:28:19-05,2012-10-23 20:40:19-05,0,0,0,0
379,30178,30178,63rd,Service toward 95th,925,Red,30178,95th/Dan Ryan,5,2012-10-23 20:28:49-05,2012-10-23 20:42:49-05,0,0,0,0
380,30177,30177,63rd,Service toward Howard,934,Red,30177,Howard,1,2012-10-23 20:28:03-05,2012-10-23 20:32:03-05,0,0,0,0
381,30192,30192,69th,Service toward 95th,830,Red,30192,95th/Dan Ryan,5,2012-10-23 20:28:48-05,2012-10-23 20:36:48-05,0,0,0,0
382,30192,30192,69th,Service toward 95th,943,Red,30192,95th/Dan Ryan,5,2012-10-23 20:28:41-05,2012-10-23 20:40:41-05,0,0,0,0
383,30192,30192,69th,Service toward 95th,828,Red,30192,95th/Dan Ryan,5,2012-10-23 20:28:19-05,2012-10-23 20:44:19-05,0,0,0,0
384,30192,30192,69th,Service toward 95th,925,Red,30192,95th/Dan Ryan,5,2012-10-23 20:28:49-05,2012-10-23 20:45:49-05,0,0,0,0
385,30191,30191,69th,Service toward Howard,827,Red,30191,Howard,1,2012-10-23 20:29:01-05,2012-10-23 20:36:01-05,0,1,0,0
386,30047,30047,79th,Service toward 95th,830,Red,30047,95th/Dan Ryan,5,2012-10-23 20:28:48-05,2012-10-23 20:39:48-05,0,0,0,0
387,30047,30047,79th,Service toward 95th,943,Red,30047,95th/Dan Ryan,5,2012-10-23 20:28:41-05,2012-10-23 20:42:41-05,0,0,0,0
388,30047,30047,79th,Service toward 95th,828,Red,30047,95th/Dan Ryan,5,2012-10-23 20:28:19-05,2012-10-23 20:47:19-05,0,0,0,0
389,30046,30046,79th,Service toward Howard,827,Red,30046,Howard,1,2012-10-23 20:29:00-05,2012-10-23 20:33:00-05,0,1,0,0
390,30276,30276,87th,Service toward 95th,830,Red,30276,95th/Dan Ryan,5,2012-10-23 20:28:48-05,2012-10-23 20:42:48-05,0,0,0,0
391,30276,30276,87th,Service toward 95th,943,Red,30276,95th/Dan Ryan,5,2012-10-23 20:28:41-05,2012-10-23 20:46:41-05,0,0,0,0
392,30275,30275,87th,Service toward Howard,827,Red,30275,Howard,1,2012-10-23 20:29:01-05,2012-10-23 20:30:01-05,1,1,0,0
393,30088,30088,95th/Dan Ryan,Service toward Howard,923,Red,30088,Howard,1,2012-10-23 20:29:00-05,2012-10-23 20:36:00-05,0,1,0,0
394,30274,30274,Addison,Service toward 95th,834,Red,30274,95th/Dan Ryan,5,2012-10-23 20:28:42-05,2012-10-23 20:30:42-05,0,0,0,0
395,30274,30274,Addison,Service toward 95th,845,Red,30274,95th/Dan Ryan,5,2012-10-23 20:28:47-05,2012-10-23 20:38:47-05,0,0,0,0
396,30273,30273,Addison,Service toward Howard,920,Red,30273,Howard,1,2012-10-23 20:28:58-05,2012-10-23 20:30:58-05,0,0,0,0
397,30273,30273,Addison,Service toward Howard,921,Red,30273,Howard,1,2012-10-23 20:28:41-05,2012-10-23 20:33:41-05,0,0,0,0
398,30273,30273,Addison,Service toward Howard,931,Red,30273,Howard,1,2012-10-23 20:28:47-05,2012-10-23 20:34:47-05,0,0,0,0
399,30273,30273,Addison,Service toward Howard,825,Red,30273,Howard,1,2012-10-23 20:28:47-05,2012-10-23 20:38:47-05,0,0,0,0
400,30273,30273,Addison,Service toward Howard,932,Red,30273,Howard,1,2012-10-23 20:28:57-05,2012-10-23 20:43:57-05,0,0,0,0
401,30238,30238,47th,Service toward 95th,845,Red,30238,95th/Dan Ryan,5,2012-10-23 21:07:56-05,2012-10-23 21:11:56-05,0,0,0,0
402,30238,30238,47th,Service toward 95th,917,Red,30238,95th/Dan Ryan,5,2012-10-23 21:07:52-05,2012-10-23 21:24:52-05,0,0,0,0
403,30237,30237,47th,Service toward Howard,935,Red,30237,Howard,1,2012-10-23 21:07:46-05,2012-10-23 21:11:46-05,0,0,0,0
404,30237,30237,47th,Service toward Howard,943,Red,30237,Howard,1,2012-10-23 21:07:54-05,2012-10-23 21:19:54-05,0,0,0,0
405,30178,30178,63rd,Service toward 95th,834,Red,30178,95th/Dan Ryan,5,2012-10-23 21:07:40-05,2012-10-23 21:10:40-05,0,0,0,0
406,30178,30178,63rd,Service toward 95th,845,Red,30178,95th/Dan Ryan,5,2012-10-23 21:07:56-05,2012-10-23 21:16:56-05,0,0,0,0
407,30177,30177,63rd,Service toward Howard,943,Red,30177,Howard,1,2012-10-23 21:07:54-05,2012-10-23 21:14:54-05,0,0,0,0
408,30192,30192,69th,Service toward 95th,832,Red,30192,95th/Dan Ryan,5,2012-10-23 21:07:39-05,2012-10-23 21:09:39-05,0,0,0,0
409,30192,30192,69th,Service toward 95th,834,Red,30192,95th/Dan Ryan,5,2012-10-23 21:07:40-05,2012-10-23 21:13:40-05,0,0,0,0
410,30192,30192,69th,Service toward 95th,845,Red,30192,95th/Dan Ryan,5,2012-10-23 21:07:56-05,2012-10-23 21:20:56-05,0,0,0,0
411,30191,30191,69th,Service toward Howard,943,Red,30191,Howard,1,2012-10-23 21:07:54-05,2012-10-23 21:10:54-05,0,0,0,0
412,30047,30047,79th,Service toward 95th,832,Red,30047,95th/Dan Ryan,5,2012-10-23 21:07:39-05,2012-10-23 21:12:39-05,0,0,0,0
413,30047,30047,79th,Service toward 95th,834,Red,30047,95th/Dan Ryan,5,2012-10-23 21:07:40-05,2012-10-23 21:16:40-05,0,0,0,0
414,30047,30047,79th,Service toward 95th,845,Red,30047,95th/Dan Ryan,5,2012-10-23 21:07:56-05,2012-10-23 21:23:56-05,0,0,0,0
415,30046,30046,79th,Service toward Howard,943,Red,30046,Howard,1,2012-10-23 21:07:54-05,2012-10-23 21:08:54-05,1,0,0,0
416,30276,30276,87th,Service toward 95th,832,Red,30276,95th/Dan Ryan,5,2012-10-23 21:07:39-05,2012-10-23 21:16:39-05,0,0,0,0
417,30276,30276,87th,Service toward 95th,834,Red,30276,95th/Dan Ryan,5,2012-10-23 21:07:40-05,2012-10-23 21:21:40-05,0,0,0,0
418,30275,30275,87th,Service toward Howard,925,Red,30275,Howard,1,2012-10-23 21:08:01-05,2012-10-23 21:16:01-05,0,1,0,0
419,30088,30088,95th/Dan Ryan,Service toward Howard,925,Red,30088,Howard,1,2012-10-23 21:08:00-05,2012-10-23 21:13:00-05,0,1,0,0
420,30274,30274,Addison,Service toward 95th,835,Red,30274,95th/Dan Ryan,5,2012-10-23 21:07:37-05,2012-10-23 21:12:37-05,0,0,0,0
421,30274,30274,Addison,Service toward 95th,920,Red,30274,95th/Dan Ryan,5,2012-10-23 21:07:50-05,2012-10-23 21:16:50-05,0,0,0,0
422,30274,30274,Addison,Service toward 95th,836,Red,30274,95th/Dan Ryan,5,2012-10-23 21:07:45-05,2012-10-23 21:22:45-05,0,0,0,0
423,30273,30273,Addison,Service toward Howard,934,Red,30273,Howard,1,2012-10-23 21:07:42-05,2012-10-23 21:10:42-05,0,0,0,0
424,30273,30273,Addison,Service toward Howard,827,Red,30273,Howard,1,2012-10-23 21:07:57-05,2012-10-23 21:14:57-05,0,0,0,0
425,30273,30273,Addison,Service toward Howard,923,Red,30273,Howard,1,2012-10-23 21:07:29-05,2012-10-23 21:20:29-05,0,0,0,0
426,30238,30238,47th,Service toward 95th,845,Red,30238,95th/Dan Ryan,5,2012-10-23 21:11:33-05,2012-10-23 21:12:33-05,1,0,0,0
427,30238,30238,47th,Service toward 95th,917,Red,30238,95th/Dan Ryan,5,2012-10-23 21:11:38-05,2012-10-23 21:24:38-05,0,0,0,0
428,30238,30238,47th,Service toward 95th,918,Red,30238,95th/Dan Ryan,5,2012-10-23 21:11:29-05,2012-10-23 21:29:29-05,0,0,0,0
429,30237,30237,47th,Service toward Howard,943,Red,30237,Howard,1,2012-10-23 21:11:24-05,2012-10-23 21:19:24-05,0,0,0,0
430,30237,30237,47th,Service toward Howard,936,Red,30237,Howard,1,2012-10-23 21:11:24-05,2012-10-23 21:22:24-05,0,0,0,0
431,30178,30178,63rd,Service toward 95th,845,Red,30178,95th/Dan Ryan,5,2012-10-23 21:11:33-05,2012-10-23 21:16:33-05,0,0,0,0
432,30178,30178,63rd,Service toward 95th,917,Red,30178,95th/Dan Ryan,5,2012-10-23 21:11:38-05,2012-10-23 21:29:38-05,0,0,0,0
433,30177,30177,63rd,Service toward Howard,943,Red,30177,Howard,1,2012-10-23 21:11:24-05,2012-10-23 21:14:24-05,0,0,0,0
434,30177,30177,63rd,Service toward Howard,936,Red,30177,Howard,1,2012-10-23 21:11:24-05,2012-10-23 21:17:24-05,0,0,0,0
435,30192,30192,69th,Service toward 95th,834,Red,30192,95th/Dan Ryan,5,2012-10-23 21:10:55-05,2012-10-23 21:14:55-05,0,0,0,0
436,30192,30192,69th,Service toward 95th,845,Red,30192,95th/Dan Ryan,5,2012-10-23 21:11:33-05,2012-10-23 21:20:33-05,0,0,0,0
437,30191,30191,69th,Service toward Howard,936,Red,30191,Howard,1,2012-10-23 21:11:24-05,2012-10-23 21:13:24-05,0,0,0,0
438,30047,30047,79th,Service toward 95th,832,Red,30047,95th/Dan Ryan,5,2012-10-23 21:11:40-05,2012-10-23 21:12:40-05,1,0,0,0
439,30047,30047,79th,Service toward 95th,834,Red,30047,95th/Dan Ryan,5,2012-10-23 21:11:55-05,2012-10-23 21:16:55-05,0,0,0,0
440,30047,30047,79th,Service toward 95th,845,Red,30047,95th/Dan Ryan,5,2012-10-23 21:11:55-05,2012-10-23 21:23:55-05,0,0,0,0
441,30046,30046,79th,Service toward Howard,925,Red,30046,Howard,1,2012-10-23 21:12:01-05,2012-10-23 21:18:01-05,0,1,0,0
442,30276,30276,87th,Service toward 95th,832,Red,30276,95th/Dan Ryan,5,2012-10-23 21:11:40-05,2012-10-23 21:16:40-05,0,0,0,0
443,30276,30276,87th,Service toward 95th,834,Red,30276,95th/Dan Ryan,5,2012-10-23 21:11:55-05,2012-10-23 21:21:55-05,0,0,0,0
444,30276,30276,87th,Service toward 95th,845,Red,30276,95th/Dan Ryan,5,2012-10-23 21:11:55-05,2012-10-23 21:27:55-05,0,0,0,0
445,30275,30275,87th,Service toward Howard,925,Red,30275,Howard,1,2012-10-23 21:12:01-05,2012-10-23 21:16:01-05,0,1,0,0
446,30088,30088,95th/Dan Ryan,Service toward Howard,925,Red,30088,Howard,1,2012-10-23 21:12:01-05,2012-10-23 21:13:01-05,1,1,0,0
447,30274,30274,Addison,Service toward 95th,835,Red,30274,95th/Dan Ryan,5,2012-10-23 21:11:43-05,2012-10-23 21:13:43-05,0,0,0,0
448,30274,30274,Addison,Service toward 95th,920,Red,30274,95th/Dan Ryan,5,2012-10-23 21:11:55-05,2012-10-23 21:17:55-05,0,0,0,0
449,30274,30274,Addison,Service toward 95th,836,Red,30274,95th/Dan Ryan,5,2012-10-23 21:11:39-05,2012-10-23 21:23:39-05,0,0,0,0
450,30274,30274,Addison,Service toward 95th,928,Red,30274,95th/Dan Ryan,5,2012-10-23 21:11:38-05,2012-10-23 21:27:38-05,0,0,0,0
451,30273,30273,Addison,Service toward Howard,827,Red,30273,Howard,1,2012-10-23 21:11:54-05,2012-10-23 21:15:54-05,0,0,0,0
452,30273,30273,Addison,Service toward Howard,923,Red,30273,Howard,1,2012-10-23 21:11:43-05,2012-10-23 21:20:43-05,0,0,0,0
453,30273,30273,Addison,Service toward Howard,924,Red,30273,Howard,1,2012-10-23 21:11:24-05,2012-10-23 21:29:24-05,0,0,0,0
454,30238,30238,47th,Service toward 95th,917,Red,30238,95th/Dan Ryan,5,2012-10-23 21:15:22-05,2012-10-23 21:25:22-05,0,0,0,0
455,30238,30238,47th,Service toward 95th,918,Red,30238,95th/Dan Ryan,5,2012-10-23 21:15:13-05,2012-10-23 21:29:13-05,0,0,0,0
456,30237,30237,47th,Service toward Howard,943,Red,30237,Howard,1,2012-10-23 21:15:29-05,2012-10-23 21:18:29-05,0,0,0,0
457,30237,30237,47th,Service toward Howard,936,Red,30237,Howard,1,2012-10-23 21:15:39-05,2012-10-23 21:22:39-05,0,0,0,0
458,30237,30237,47th,Service toward Howard,925,Red,30237,Howard,1,2012-10-23 21:14:54-05,2012-10-23 21:29:54-05,0,0,0,0
459,30178,30178,63rd,Service toward 95th,845,Red,30178,95th/Dan Ryan,5,2012-10-23 21:15:13-05,2012-10-23 21:17:13-05,0,0,0,0
460,30178,30178,63rd,Service toward 95th,917,Red,30178,95th/Dan Ryan,5,2012-10-23 21:15:22-05,2012-10-23 21:30:22-05,0,0,0,0
461,30178,30178,63rd,Service toward 95th,918,Red,30178,95th/Dan Ryan,5,2012-10-23 21:15:13-05,2012-10-23 21:34:13-05,0,0,0,0
462,30177,30177,63rd,Service toward Howard,936,Red,30177,Howard,1,2012-10-23 21:15:39-05,2012-10-23 21:17:39-05,0,0,0,0
463,30177,30177,63rd,Service toward Howard,925,Red,30177,Howard,1,2012-10-23 21:14:54-05,2012-10-23 21:24:54-05,0,0,0,0
464,30192,30192,69th,Service toward 95th,845,Red,30192,95th/Dan Ryan,5,2012-10-23 21:15:13-05,2012-10-23 21:21:13-05,0,0,0,0
465,30192,30192,69th,Service toward 95th,917,Red,30192,95th/Dan Ryan,5,2012-10-23 21:15:22-05,2012-10-23 21:34:22-05,0,0,0,0
466,30191,30191,69th,Service toward Howard,925,Red,30191,Howard,1,2012-10-23 21:14:54-05,2012-10-23 21:20:54-05,0,0,0,0
467,30047,30047,79th,Service toward 95th,834,Red,30047,95th/Dan Ryan,5,2012-10-23 21:15:52-05,2012-10-23 21:17:52-05,0,0,0,0
468,30047,30047,79th,Service toward 95th,845,Red,30047,95th/Dan Ryan,5,2012-10-23 21:15:45-05,2012-10-23 21:23:45-05,0,0,0,0
469,30046,30046,79th,Service toward Howard,925,Red,30046,Howard,1,2012-10-23 21:15:50-05,2012-10-23 21:17:50-05,0,0,0,0
470,30276,30276,87th,Service toward 95th,832,Red,30276,95th/Dan Ryan,5,2012-10-23 21:15:52-05,2012-10-23 21:16:52-05,1,0,0,0
471,30276,30276,87th,Service toward 95th,834,Red,30276,95th/Dan Ryan,5,2012-10-23 21:15:52-05,2012-10-23 21:21:52-05,0,0,0,0
472,30276,30276,87th,Service toward 95th,845,Red,30276,95th/Dan Ryan,5,2012-10-23 21:15:45-05,2012-10-23 21:27:45-05,0,0,0,0
473,30275,30275,87th,Service toward Howard,925,Red,30275,Howard,1,2012-10-23 21:15:50-05,2012-10-23 21:16:50-05,1,0,0,0
474,30088,30088,95th/Dan Ryan,Service toward Howard,937,Red,30088,Howard,1,2012-10-23 21:16:01-05,2012-10-23 21:21:01-05,0,1,0,0
475,30274,30274,Addison,Service toward 95th,836,Red,30274,95th/Dan Ryan,5,2012-10-23 21:15:52-05,2012-10-23 21:17:52-05,0,0,0,0
476,30274,30274,Addison,Service toward 95th,920,Red,30274,95th/Dan Ryan,5,2012-10-23 21:15:31-05,2012-10-23 21:22:31-05,0,0,0,0
477,30274,30274,Addison,Service toward 95th,928,Red,30274,95th/Dan Ryan,5,2012-10-23 21:15:09-05,2012-10-23 21:28:09-05,0,0,0,0
478,30273,30273,Addison,Service toward Howard,827,Red,30273,Howard,1,2012-10-23 21:15:13-05,2012-10-23 21:17:13-05,0,0,0,0
479,30273,30273,Addison,Service toward Howard,923,Red,30273,Howard,1,2012-10-23 21:15:47-05,2012-10-23 21:21:47-05,0,0,0,0
480,30273,30273,Addison,Service toward Howard,924,Red,30273,Howard,1,2012-10-23 21:15:52-05,2012-10-23 21:29:52-05,0,0,0,0
